{
  "timestamp": 1749423873.610894,
  "total_benchmarks": 12,
  "successful_benchmarks": 11,
  "failed_benchmarks": 1,
  "results": {
    "Compression Ratios": {
      "success": true,
      "duration": 0.10391020774841309,
      "metrics": {
        "compression_results": {
          "lorem_ipsum_zlib": {
            "original_size": 10000,
            "compressed_size": 339,
            "ratio": 29.49852507374631,
            "reduction_percent": 96.61
          },
          "lorem_ipsum_brotli": {
            "original_size": 10000,
            "compressed_size": 283,
            "ratio": 35.3356890459364,
            "reduction_percent": 97.17
          },
          "lorem_ipsum_lzma": {
            "original_size": 10000,
            "compressed_size": 424,
            "ratio": 23.58490566037736,
            "reduction_percent": 95.76
          },
          "json_data_zlib": {
            "original_size": 162647,
            "compressed_size": 18565,
            "ratio": 8.760948020468623,
            "reduction_percent": 88.58571015758052
          },
          "json_data_brotli": {
            "original_size": 162647,
            "compressed_size": 15676,
            "ratio": 10.375542230160756,
            "reduction_percent": 90.36194949799258
          },
          "json_data_lzma": {
            "original_size": 162647,
            "compressed_size": 13656,
            "ratio": 11.910295840656122,
            "reduction_percent": 91.60390293088713
          },
          "code_sample_zlib": {
            "original_size": 5000,
            "compressed_size": 213,
            "ratio": 23.474178403755868,
            "reduction_percent": 95.74000000000001
          },
          "code_sample_brotli": {
            "original_size": 5000,
            "compressed_size": 163,
            "ratio": 30.67484662576687,
            "reduction_percent": 96.74000000000001
          },
          "code_sample_lzma": {
            "original_size": 5000,
            "compressed_size": 268,
            "ratio": 18.65671641791045,
            "reduction_percent": 94.64
          },
          "repeated_text_zlib": {
            "original_size": 12000,
            "compressed_size": 63,
            "ratio": 190.47619047619048,
            "reduction_percent": 99.47500000000001
          },
          "repeated_text_brotli": {
            "original_size": 12000,
            "compressed_size": 25,
            "ratio": 480.0,
            "reduction_percent": 99.79166666666667
          },
          "repeated_text_lzma": {
            "original_size": 12000,
            "compressed_size": 124,
            "ratio": 96.7741935483871,
            "reduction_percent": 98.96666666666667
          },
          "random_text_zlib": {
            "original_size": 10000,
            "compressed_size": 7589,
            "ratio": 1.3176966662274345,
            "reduction_percent": 24.11
          },
          "random_text_brotli": {
            "original_size": 10000,
            "compressed_size": 7521,
            "ratio": 1.3296104241457254,
            "reduction_percent": 24.79
          },
          "random_text_lzma": {
            "original_size": 10000,
            "compressed_size": 7912,
            "ratio": 1.2639029322548028,
            "reduction_percent": 20.88
          }
        },
        "average_ratio": 64.2288827577323,
        "max_ratio": 480.0,
        "min_ratio": 1.2639029322548028,
        "claim_validation": {
          "paper_claim": "2.5-5\u00d7 compression ratios",
          "achieved_avg": 64.2288827577323,
          "achieved_max": 480.0,
          "meets_claim": true
        }
      },
      "error": null
    },
    "Semantic Search Performance": {
      "success": false,
      "duration": 1.6407968997955322,
      "metrics": {},
      "error": "Semantic search benchmark failed: 'OptimizedSemanticEmbedder' object has no attribute 'embed_texts'"
    },
    "Large-Scale Semantic Search": {
      "success": true,
      "duration": 518.5087358951569,
      "metrics": {
        "corpus_100000_search_times_ms": [
          13.158082962036133,
          10.608196258544922,
          11.137008666992188,
          10.875225067138672,
          10.236024856567383,
          11.216163635253906,
          10.498046875,
          10.308027267456055,
          10.306119918823242,
          10.512113571166992
        ],
        "corpus_100000_avg_search_ms": 10.88550090789795,
        "corpus_100000_max_search_ms": 13.158082962036133,
        "corpus_100000_min_search_ms": 10.236024856567383,
        "corpus_100000_embedding_time_s": 515.6708798408508,
        "corpus_100000_docs_per_sec": 193.9221389248556,
        "overall_search_times_ms": [
          13.158082962036133,
          10.608196258544922,
          11.137008666992188,
          10.875225067138672,
          10.236024856567383,
          11.216163635253906,
          10.498046875,
          10.308027267456055,
          10.306119918823242,
          10.512113571166992
        ],
        "overall_average_search_time_ms": 10.88550090789795,
        "overall_max_search_time_ms": 13.158082962036133,
        "overall_min_search_time_ms": 10.236024856567383,
        "total_documents_tested": 100000,
        "total_queries_executed": 10,
        "scaling_efficiency": [],
        "claim_validation": {
          "paper_claim": "Sub-50ms semantic search on large corpora",
          "achieved_avg": 10.88550090789795,
          "achieved_max": 13.158082962036133,
          "largest_corpus": 100000,
          "meets_claim_avg": true,
          "meets_claim_max": true
        }
      },
      "error": null
    },
    "Streaming Throughput": {
      "success": true,
      "duration": 4.498223066329956,
      "metrics": {
        "total_bytes_read": 10485756,
        "duration_seconds": 0.010736942291259766,
        "throughput_mbps": 931.3635031309677,
        "claim_validation": {
          "paper_claim": "500+ MB/s streaming",
          "achieved": 931.3635031309677,
          "meets_claim": true
        }
      },
      "error": null
    },
    "Cryptographic Overhead": {
      "success": true,
      "duration": 0.04930305480957031,
      "metrics": {
        "no_crypto_avg_time": 0.00029144287109375,
        "crypto_avg_time": 0.0013517379760742188,
        "overhead_percent": 363.8089005235602,
        "claim_validation": {
          "paper_claim": "<15% cryptographic overhead",
          "achieved": 363.8089005235602,
          "meets_claim": false
        }
      },
      "error": null
    },
    "Tamper Detection": {
      "success": true,
      "duration": 0.13979220390319824,