{
  "timestamp": 1749426390.448029,
  "total_benchmarks": 15,
  "successful_benchmarks": 14,
  "failed_benchmarks": 1,
  "results": {
    "Compression Ratios": {
      "success": true,
      "duration": 0.10024285316467285,
      "metrics": {
        "compression_results": {
          "lorem_ipsum_zlib": {
            "original_size": 10000,
            "compressed_size": 339,
            "ratio": 29.49852507374631,
            "reduction_percent": 96.61
          },
          "lorem_ipsum_brotli": {
            "original_size": 10000,
            "compressed_size": 283,
            "ratio": 35.3356890459364,
            "reduction_percent": 97.17
          },
          "lorem_ipsum_lzma": {
            "original_size": 10000,
            "compressed_size": 424,
            "ratio": 23.58490566037736,
            "reduction_percent": 95.76
          },
          "json_data_zlib": {
            "original_size": 161529,
            "compressed_size": 18518,
            "ratio": 8.722810238686684,
            "reduction_percent": 88.535804716181
          },
          "json_data_brotli": {
            "original_size": 161529,
            "compressed_size": 15611,
            "ratio": 10.34712702581513,
            "reduction_percent": 90.3354815543958
          },
          "json_data_lzma": {
            "original_size": 161529,
            "compressed_size": 13572,
            "ratio": 11.901635720601238,
            "reduction_percent": 91.59779358505284
          },
          "code_sample_zlib": {
            "original_size": 5000,
            "compressed_size": 213,
            "ratio": 23.474178403755868,
            "reduction_percent": 95.74000000000001
          },
          "code_sample_brotli": {
            "original_size": 5000,
            "compressed_size": 163,
            "ratio": 30.67484662576687,
            "reduction_percent": 96.74000000000001
          },
          "code_sample_lzma": {
            "original_size": 5000,
            "compressed_size": 268,
            "ratio": 18.65671641791045,
            "reduction_percent": 94.64
          },
          "repeated_text_zlib": {
            "original_size": 12000,
            "compressed_size": 63,
            "ratio": 190.47619047619048,
            "reduction_percent": 99.47500000000001
          },
          "repeated_text_brotli": {
            "original_size": 12000,
            "compressed_size": 25,
            "ratio": 480.0,
            "reduction_percent": 99.79166666666667
          },
          "repeated_text_lzma": {
            "original_size": 12000,
            "compressed_size": 124,
            "ratio": 96.7741935483871,
            "reduction_percent": 98.96666666666667
          },
          "random_text_zlib": {
            "original_size": 10000,
            "compressed_size": 7586,
            "ratio": 1.318217769575534,
            "reduction_percent": 24.139999999999993
          },
          "random_text_brotli": {
            "original_size": 10000,
            "compressed_size": 7521,
            "ratio": 1.3296104241457254,
            "reduction_percent": 24.79
          },
          "random_text_lzma": {
            "original_size": 10000,
            "compressed_size": 7912,
            "ratio": 1.2639029322548028,
            "reduction_percent": 20.88
          }
        },
        "average_ratio": 64.22390329087666,
        "max_ratio": 480.0,
        "min_ratio": 1.2639029322548028,
        "claim_validation": {
          "paper_claim": "2.5-5\u00d7 compression ratios",
          "achieved_avg": 64.22390329087666,
          "achieved_max": 480.0,
          "meets_claim": true
        }
      },
      "error": null
    },
    "Semantic Search Performance": {
      "success": false,
      "duration": 1.3453171253204346,
      "metrics": {},
      "error": "Semantic search benchmark failed: 'OptimizedSemanticEmbedder' object has no attribute 'embed_texts'"
    },
    "Large-Scale Semantic Search": {
      "success": true,
      "duration": 242.44221425056458,
      "metrics": {
        "corpus_50000_search_times_ms": [
          5.837202072143555,
          5.394935607910156,
          5.7621002197265625,
          7.436037063598633,
          5.607843399047852,
          5.995988845825195,
          5.527734756469727,
          5.522966384887695,
          5.493879318237305,
          5.434989929199219
        ],
        "corpus_50000_avg_search_ms": 5.80136775970459,
        "corpus_50000_max_search_ms": 7.436037063598633,
        "corpus_50000_min_search_ms": 5.394935607910156,
        "corpus_50000_embedding_time_s": 240.41647696495056,
        "corpus_50000_docs_per_sec": 207.9724344654186,
        "overall_search_times_ms": [
          5.837202072143555,
          5.394935607910156,
          5.7621002197265625,
          7.436037063598633,
          5.607843399047852,
          5.995988845825195,
          5.527734756469727,
          5.522966384887695,
          5.493879318237305,
          5.434989929199219
        ],
        "overall_average_search_time_ms": 5.80136775970459,
        "overall_max_search_time_ms": 7.436037063598633,
        "overall_min_search_time_ms": 5.394935607910156,
        "total_documents_tested": 50000,
        "total_queries_executed": 10,
        "scaling_efficiency": [],
        "claim_validation": {
          "paper_claim": "Sub-50ms semantic search on large corpora",
          "achieved_avg": 5.80136775970459,
          "achieved_max": 7.436037063598633,
          "largest_corpus": 50000,
          "meets_claim_avg": true,
          "meets_claim_max": true
        }
      },
      "error": null
    },
    "Streaming Throughput": {
      "success": true,
      "duration": 4.377532720565796,
      "metrics": {
        "total_bytes_read": 10485756,
        "duration_seconds": 0.007881879806518555,
        "throughput_mbps": 1268.7323875495326,
        "claim_validation": {
          "paper_claim": "500+ MB/s streaming",
          "achieved": 1268.7323875495326,
          "meets_claim": true
        }
      },
      "error": null
    },
    "Cryptographic Overhead": {
      "success": true,
      "duration": 0.05010509490966797,
      "metrics": {
        "no_crypto_avg_time": 0.0003181934356689453,
        "crypto_avg_time": 0.0012987613677978515,
        "overhead_percent": 308.1672411209351,
        "claim_validation": {
          "paper_claim": "<15% cryptographic overhead",
          "achieved": 308.1672411209351,
          "meets_claim": false
        }
      },
      "error": null
    },
    "Tamper Detection": {
      "success": true,
      "duration": 0.15134000778198242,