{
  "timestamp": 1749424721.1508548,
  "total_benchmarks": 12,
  "successful_benchmarks": 11,
  "failed_benchmarks": 1,
  "results": {
    "Compression Ratios": {
      "success": true,
      "duration": 0.10179400444030762,
      "metrics": {
        "compression_results": {
          "lorem_ipsum_zlib": {
            "original_size": 10000,
            "compressed_size": 339,
            "ratio": 29.49852507374631,
            "reduction_percent": 96.61
          },
          "lorem_ipsum_brotli": {
            "original_size": 10000,
            "compressed_size": 283,
            "ratio": 35.3356890459364,
            "reduction_percent": 97.17
          },
          "lorem_ipsum_lzma": {
            "original_size": 10000,
            "compressed_size": 424,
            "ratio": 23.58490566037736,
            "reduction_percent": 95.76
          },
          "json_data_zlib": {
            "original_size": 161094,
            "compressed_size": 18576,
            "ratio": 8.672157622739018,
            "reduction_percent": 88.46884427725428
          },
          "json_data_brotli": {
            "original_size": 161094,
            "compressed_size": 15655,
            "ratio": 10.290258703289684,
            "reduction_percent": 90.28207133723167
          },
          "json_data_lzma": {
            "original_size": 161094,
            "compressed_size": 13720,
            "ratio": 11.741545189504373,
            "reduction_percent": 91.48323339168437
          },
          "code_sample_zlib": {
            "original_size": 5000,
            "compressed_size": 213,
            "ratio": 23.474178403755868,
            "reduction_percent": 95.74000000000001
          },
          "code_sample_brotli": {
            "original_size": 5000,
            "compressed_size": 163,
            "ratio": 30.67484662576687,
            "reduction_percent": 96.74000000000001
          },
          "code_sample_lzma": {
            "original_size": 5000,
            "compressed_size": 268,
            "ratio": 18.65671641791045,
            "reduction_percent": 94.64
          },
          "repeated_text_zlib": {
            "original_size": 12000,
            "compressed_size": 63,
            "ratio": 190.47619047619048,
            "reduction_percent": 99.47500000000001
          },
          "repeated_text_brotli": {
            "original_size": 12000,
            "compressed_size": 25,
            "ratio": 480.0,
            "reduction_percent": 99.79166666666667
          },
          "repeated_text_lzma": {
            "original_size": 12000,
            "compressed_size": 124,
            "ratio": 96.7741935483871,
            "reduction_percent": 98.96666666666667
          },
          "random_text_zlib": {
            "original_size": 10000,
            "compressed_size": 7586,
            "ratio": 1.318217769575534,
            "reduction_percent": 24.139999999999993
          },
          "random_text_brotli": {
            "original_size": 10000,
            "compressed_size": 7520,
            "ratio": 1.3297872340425532,
            "reduction_percent": 24.8
          },
          "random_text_lzma": {
            "original_size": 10000,
            "compressed_size": 7908,
            "ratio": 1.2645422357106728,
            "reduction_percent": 20.920000000000005
          }
        },
        "average_ratio": 64.20611693379551,
        "max_ratio": 480.0,
        "min_ratio": 1.2645422357106728,
        "claim_validation": {
          "paper_claim": "2.5-5\u00d7 compression ratios",
          "achieved_avg": 64.20611693379551,
          "achieved_max": 480.0,
          "meets_claim": true
        }
      },
      "error": null
    },
    "Semantic Search Performance": {
      "success": false,
      "duration": 1.2364118099212646,
      "metrics": {},
      "error": "Semantic search benchmark failed: 'OptimizedSemanticEmbedder' object has no attribute 'embed_texts'"
    },
    "Large-Scale Semantic Search": {
      "success": true,
      "duration": 240.94843792915344,
      "metrics": {
        "corpus_50000_search_times_ms": [
          6.13713264465332,
          4.910945892333984,
          5.6781768798828125,
          5.518198013305664,
          6.454944610595703,
          5.447864532470703,
          5.134105682373047,
          5.050182342529297,
          4.925012588500977,
          4.962921142578125
        ],
        "corpus_50000_avg_search_ms": 5.421948432922363,
        "corpus_50000_max_search_ms": 6.454944610595703,
        "corpus_50000_min_search_ms": 4.910945892333984,
        "corpus_50000_embedding_time_s": 239.0565230846405,
        "corpus_50000_docs_per_sec": 209.15555599500195,
        "overall_search_times_ms": [
          6.13713264465332,
          4.910945892333984,
          5.6781768798828125,
          5.518198013305664,
          6.454944610595703,
          5.447864532470703,
          5.134105682373047,
          5.050182342529297,
          4.925012588500977,
          4.962921142578125
        ],
        "overall_average_search_time_ms": 5.421948432922363,
        "overall_max_search_time_ms": 6.454944610595703,
        "overall_min_search_time_ms": 4.910945892333984,
        "total_documents_tested": 50000,
        "total_queries_executed": 10,
        "scaling_efficiency": [],
        "claim_validation": {
          "paper_claim": "Sub-50ms semantic search on large corpora",
          "achieved_avg": 5.421948432922363,
          "achieved_max": 6.454944610595703,
          "largest_corpus": 50000,
          "meets_claim_avg": true,
          "meets_claim_max": true
        }
      },
      "error": null
    },
    "Streaming Throughput": {
      "success": true,
      "duration": 4.332453012466431,
      "metrics": {
        "total_bytes_read": 10485756,
        "duration_seconds": 0.009679079055786133,
        "throughput_mbps": 1033.1557504249083,
        "claim_validation": {
          "paper_claim": "500+ MB/s streaming",
          "achieved": 1033.1557504249083,
          "meets_claim": true
        }
      },
      "error": null
    },
    "Cryptographic Overhead": {
      "success": true,
      "duration": 0.048496246337890625,
      "metrics": {
        "no_crypto_avg_time": 0.0002897739410400391,
        "crypto_avg_time": 0.0012884140014648438,
        "overhead_percent": 344.6272831989468,
        "claim_validation": {
          "paper_claim": "<15% cryptographic overhead",
          "achieved": 344.6272831989468,
          "meets_claim": false
        }
      },
      "error": null
    },
    "Tamper Detection": {
      "success": true,
      "duration": 0.14031600952148438,